--
-- PostgreSQL database dump
--

-- Dumped from database version 16.2
-- Dumped by pg_dump version 16.2

SET statement_timeout = 0;
SET lock_timeout = 0;
SET idle_in_transaction_session_timeout = 0;
SET client_encoding = 'UTF8';
SET standard_conforming_strings = on;
SELECT pg_catalog.set_config('search_path', '', false);
SET check_function_bodies = false;
SET xmloption = content;
SET client_min_messages = warning;
SET row_security = off;

SET default_tablespace = '';

SET default_table_access_method = heap;

--
-- Name: LearnGrow_academic_record; Type: TABLE; Schema: public; Owner: django_admin
--

CREATE TABLE public."LearnGrow_academic_record" (
    id bigint NOT NULL,
    remark text,
    solving character varying(100),
    date_of_delivery timestamp with time zone,
    assessment_id bigint NOT NULL,
    status_id bigint NOT NULL,
    student_id bigint NOT NULL,
    task_id bigint NOT NULL
);


ALTER TABLE public."LearnGrow_academic_record" OWNER TO django_admin;

--
-- Name: LearnGrow_academic_record_id_seq; Type: SEQUENCE; Schema: public; Owner: django_admin
--

ALTER TABLE public."LearnGrow_academic_record" ALTER COLUMN id ADD GENERATED BY DEFAULT AS IDENTITY (
    SEQUENCE NAME public."LearnGrow_academic_record_id_seq"
    START WITH 1
    INCREMENT BY 1
    NO MINVALUE
    NO MAXVALUE
    CACHE 1
);


--
-- Name: LearnGrow_assessments; Type: TABLE; Schema: public; Owner: django_admin
--

CREATE TABLE public."LearnGrow_assessments" (
    id bigint NOT NULL,
    assessment integer NOT NULL
);


ALTER TABLE public."LearnGrow_assessments" OWNER TO django_admin;

--
-- Name: LearnGrow_assessments_id_seq; Type: SEQUENCE; Schema: public; Owner: django_admin
--

ALTER TABLE public."LearnGrow_assessments" ALTER COLUMN id ADD GENERATED BY DEFAULT AS IDENTITY (
    SEQUENCE NAME public."LearnGrow_assessments_id_seq"
    START WITH 1
    INCREMENT BY 1
    NO MINVALUE
    NO MAXVALUE
    CACHE 1
);


--
-- Name: LearnGrow_classes; Type: TABLE; Schema: public; Owner: django_admin
--

CREATE TABLE public."LearnGrow_classes" (
    id bigint NOT NULL,
    title character varying(255) NOT NULL
);


ALTER TABLE public."LearnGrow_classes" OWNER TO django_admin;

--
-- Name: LearnGrow_classes_id_seq; Type: SEQUENCE; Schema: public; Owner: django_admin
--

ALTER TABLE public."LearnGrow_classes" ALTER COLUMN id ADD GENERATED BY DEFAULT AS IDENTITY (
    SEQUENCE NAME public."LearnGrow_classes_id_seq"
    START WITH 1
    INCREMENT BY 1
    NO MINVALUE
    NO MAXVALUE
    CACHE 1
);


--
-- Name: LearnGrow_courses; Type: TABLE; Schema: public; Owner: django_admin
--

CREATE TABLE public."LearnGrow_courses" (
    id bigint NOT NULL,
    title character varying(255) NOT NULL,
    description text NOT NULL,
    image character varying(100),
    subject_id bigint NOT NULL,
    teacher_id bigint NOT NULL
);


ALTER TABLE public."LearnGrow_courses" OWNER TO django_admin;

--
-- Name: LearnGrow_courses_id_seq; Type: SEQUENCE; Schema: public; Owner: django_admin
--

ALTER TABLE public."LearnGrow_courses" ALTER COLUMN id ADD GENERATED BY DEFAULT AS IDENTITY (
    SEQUENCE NAME public."LearnGrow_courses_id_seq"
    START WITH 1
    INCREMENT BY 1
    NO MINVALUE
    NO MAXVALUE
    CACHE 1
);


--
-- Name: LearnGrow_images_for_tasks; Type: TABLE; Schema: public; Owner: django_admin
--

CREATE TABLE public."LearnGrow_images_for_tasks" (
    id bigint NOT NULL,
    image character varying(100) NOT NULL,
    task_id bigint NOT NULL
);


ALTER TABLE public."LearnGrow_images_for_tasks" OWNER TO django_admin;

--
-- Name: LearnGrow_images_for_tasks_id_seq; Type: SEQUENCE; Schema: public; Owner: django_admin
--

ALTER TABLE public."LearnGrow_images_for_tasks" ALTER COLUMN id ADD GENERATED BY DEFAULT AS IDENTITY (
    SEQUENCE NAME public."LearnGrow_images_for_tasks_id_seq"
    START WITH 1
    INCREMENT BY 1
    NO MINVALUE
    NO MAXVALUE
    CACHE 1
);


--
-- Name: LearnGrow_lessons; Type: TABLE; Schema: public; Owner: django_admin
--

CREATE TABLE public."LearnGrow_lessons" (
    id bigint NOT NULL,
    title character varying(255) NOT NULL,
    description text NOT NULL,
    video character varying(100),
    course_id bigint NOT NULL
);


ALTER TABLE public."LearnGrow_lessons" OWNER TO django_admin;

--
-- Name: LearnGrow_lessons_id_seq; Type: SEQUENCE; Schema: public; Owner: django_admin
--

ALTER TABLE public."LearnGrow_lessons" ALTER COLUMN id ADD GENERATED BY DEFAULT AS IDENTITY (
    SEQUENCE NAME public."LearnGrow_lessons_id_seq"
    START WITH 1
    INCREMENT BY 1
    NO MINVALUE
    NO MAXVALUE
    CACHE 1
);


--
-- Name: LearnGrow_materials; Type: TABLE; Schema: public; Owner: django_admin
--

CREATE TABLE public."LearnGrow_materials" (
    id bigint NOT NULL,
    material character varying(100) NOT NULL,
    lesson_id bigint NOT NULL
);


ALTER TABLE public."LearnGrow_materials" OWNER TO django_admin;

--
-- Name: LearnGrow_materials_id_seq; Type: SEQUENCE; Schema: public; Owner: django_admin
--

ALTER TABLE public."LearnGrow_materials" ALTER COLUMN id ADD GENERATED BY DEFAULT AS IDENTITY (
    SEQUENCE NAME public."LearnGrow_materials_id_seq"
    START WITH 1
    INCREMENT BY 1
    NO MINVALUE
    NO MAXVALUE
    CACHE 1
);


--
-- Name: LearnGrow_statuses; Type: TABLE; Schema: public; Owner: django_admin
--

CREATE TABLE public."LearnGrow_statuses" (
    id bigint NOT NULL,
    title character varying(255) NOT NULL
);


ALTER TABLE public."LearnGrow_statuses" OWNER TO django_admin;

--
-- Name: LearnGrow_statuses_id_seq; Type: SEQUENCE; Schema: public; Owner: django_admin
--

ALTER TABLE public."LearnGrow_statuses" ALTER COLUMN id ADD GENERATED BY DEFAULT AS IDENTITY (
    SEQUENCE NAME public."LearnGrow_statuses_id_seq"
    START WITH 1
    INCREMENT BY 1
    NO MINVALUE
    NO MAXVALUE
    CACHE 1
);


--
-- Name: LearnGrow_students; Type: TABLE; Schema: public; Owner: django_admin
--

CREATE TABLE public."LearnGrow_students" (
    id bigint NOT NULL,
    lastname character varying(255) NOT NULL,
    name character varying(255) NOT NULL,
    email character varying(255) NOT NULL,
    login character varying(255) NOT NULL,
    password character varying(255) NOT NULL,
    time_registration timestamp with time zone NOT NULL,
    class_id_id bigint NOT NULL,
    user_id integer NOT NULL
);


ALTER TABLE public."LearnGrow_students" OWNER TO django_admin;

--
-- Name: LearnGrow_students_id_seq; Type: SEQUENCE; Schema: public; Owner: django_admin
--

ALTER TABLE public."LearnGrow_students" ALTER COLUMN id ADD GENERATED BY DEFAULT AS IDENTITY (
    SEQUENCE NAME public."LearnGrow_students_id_seq"
    START WITH 1
    INCREMENT BY 1
    NO MINVALUE
    NO MAXVALUE
    CACHE 1
);


--
-- Name: LearnGrow_subjects; Type: TABLE; Schema: public; Owner: django_admin
--

CREATE TABLE public."LearnGrow_subjects" (
    id bigint NOT NULL,
    title character varying(255) NOT NULL
);


ALTER TABLE public."LearnGrow_subjects" OWNER TO django_admin;

--
-- Name: LearnGrow_subjects_id_seq; Type: SEQUENCE; Schema: public; Owner: django_admin
--

ALTER TABLE public."LearnGrow_subjects" ALTER COLUMN id ADD GENERATED BY DEFAULT AS IDENTITY (
    SEQUENCE NAME public."LearnGrow_subjects_id_seq"
    START WITH 1
    INCREMENT BY 1
    NO MINVALUE
    NO MAXVALUE
    CACHE 1
);


--
-- Name: LearnGrow_tasks; Type: TABLE; Schema: public; Owner: django_admin
--

CREATE TABLE public."LearnGrow_tasks" (
    id bigint NOT NULL,
    title character varying(255) NOT NULL,
    description text NOT NULL,
    deadline timestamp with time zone NOT NULL,
    lesson_id bigint NOT NULL
);


ALTER TABLE public."LearnGrow_tasks" OWNER TO django_admin;

--
-- Name: LearnGrow_tasks_id_seq; Type: SEQUENCE; Schema: public; Owner: django_admin
--

ALTER TABLE public."LearnGrow_tasks" ALTER COLUMN id ADD GENERATED BY DEFAULT AS IDENTITY (
    SEQUENCE NAME public."LearnGrow_tasks_id_seq"
    START WITH 1
    INCREMENT BY 1
    NO MINVALUE
    NO MAXVALUE
    CACHE 1
);


--
-- Name: LearnGrow_teachers; Type: TABLE; Schema: public; Owner: django_admin
--

CREATE TABLE public."LearnGrow_teachers" (
    id bigint NOT NULL,
    lastname character varying(255) NOT NULL,
    name character varying(255) NOT NULL,
    patronymic character varying(255),
    email character varying(255) NOT NULL,
    photo character varying(100),
    login character varying(255) NOT NULL,
    password character varying(255) NOT NULL,
    time_registration timestamp with time zone NOT NULL
);


ALTER TABLE public."LearnGrow_teachers" OWNER TO django_admin;

--
-- Name: LearnGrow_teachers_id_seq; Type: SEQUENCE; Schema: public; Owner: django_admin
--

ALTER TABLE public."LearnGrow_teachers" ALTER COLUMN id ADD GENERATED BY DEFAULT AS IDENTITY (
    SEQUENCE NAME public."LearnGrow_teachers_id_seq"
    START WITH 1
    INCREMENT BY 1
    NO MINVALUE
    NO MAXVALUE
    CACHE 1
);


--
-- Name: auth_group; Type: TABLE; Schema: public; Owner: django_admin
--

CREATE TABLE public.auth_group (
    id integer NOT NULL,
    name character varying(150) NOT NULL
);


ALTER TABLE public.auth_group OWNER TO django_admin;

--
-- Name: auth_group_id_seq; Type: SEQUENCE; Schema: public; Owner: django_admin
--

ALTER TABLE public.auth_group ALTER COLUMN id ADD GENERATED BY DEFAULT AS IDENTITY (
    SEQUENCE NAME public.auth_group_id_seq
    START WITH 1
    INCREMENT BY 1
    NO MINVALUE
    NO MAXVALUE
    CACHE 1
);


--
-- Name: auth_group_permissions; Type: TABLE; Schema: public; Owner: django_admin
--

CREATE TABLE public.auth_group_permissions (
    id bigint NOT NULL,
    group_id integer NOT NULL,
    permission_id integer NOT NULL
);


ALTER TABLE public.auth_group_permissions OWNER TO django_admin;

--
-- Name: auth_group_permissions_id_seq; Type: SEQUENCE; Schema: public; Owner: django_admin
--

ALTER TABLE public.auth_group_permissions ALTER COLUMN id ADD GENERATED BY DEFAULT AS IDENTITY (
    SEQUENCE NAME public.auth_group_permissions_id_seq
    START WITH 1
    INCREMENT BY 1
    NO MINVALUE
    NO MAXVALUE
    CACHE 1
);


--
-- Name: auth_permission; Type: TABLE; Schema: public; Owner: django_admin
--

CREATE TABLE public.auth_permission (
    id integer NOT NULL,
    name character varying(255) NOT NULL,
    content_type_id integer NOT NULL,
    codename character varying(100) NOT NULL
);


ALTER TABLE public.auth_permission OWNER TO django_admin;

--
-- Name: auth_permission_id_seq; Type: SEQUENCE; Schema: public; Owner: django_admin
--

ALTER TABLE public.auth_permission ALTER COLUMN id ADD GENERATED BY DEFAULT AS IDENTITY (
    SEQUENCE NAME public.auth_permission_id_seq
    START WITH 1
    INCREMENT BY 1
    NO MINVALUE
    NO MAXVALUE
    CACHE 1
);


--
-- Name: auth_user; Type: TABLE; Schema: public; Owner: django_admin
--

CREATE TABLE public.auth_user (
    id integer NOT NULL,
    password character varying(128) NOT NULL,
    last_login timestamp with time zone,
    is_superuser boolean NOT NULL,
    username character varying(150) NOT NULL,
    first_name character varying(150) NOT NULL,
    last_name character varying(150) NOT NULL,
    email character varying(254) NOT NULL,
    is_staff boolean NOT NULL,
    is_active boolean NOT NULL,
    date_joined timestamp with time zone NOT NULL
);


ALTER TABLE public.auth_user OWNER TO django_admin;

--
-- Name: auth_user_groups; Type: TABLE; Schema: public; Owner: django_admin
--

CREATE TABLE public.auth_user_groups (
    id bigint NOT NULL,
    user_id integer NOT NULL,
    group_id integer NOT NULL
);


ALTER TABLE public.auth_user_groups OWNER TO django_admin;

--
-- Name: auth_user_groups_id_seq; Type: SEQUENCE; Schema: public; Owner: django_admin
--

ALTER TABLE public.auth_user_groups ALTER COLUMN id ADD GENERATED BY DEFAULT AS IDENTITY (
    SEQUENCE NAME public.auth_user_groups_id_seq
    START WITH 1
    INCREMENT BY 1
    NO MINVALUE
    NO MAXVALUE
    CACHE 1
);


--
-- Name: auth_user_id_seq; Type: SEQUENCE; Schema: public; Owner: django_admin
--

ALTER TABLE public.auth_user ALTER COLUMN id ADD GENERATED BY DEFAULT AS IDENTITY (
    SEQUENCE NAME public.auth_user_id_seq
    START WITH 1
    INCREMENT BY 1
    NO MINVALUE
    NO MAXVALUE
    CACHE 1
);


--
-- Name: auth_user_user_permissions; Type: TABLE; Schema: public; Owner: django_admin
--

CREATE TABLE public.auth_user_user_permissions (
    id bigint NOT NULL,
    user_id integer NOT NULL,
    permission_id integer NOT NULL
);


ALTER TABLE public.auth_user_user_permissions OWNER TO django_admin;

--
-- Name: auth_user_user_permissions_id_seq; Type: SEQUENCE; Schema: public; Owner: django_admin
--

ALTER TABLE public.auth_user_user_permissions ALTER COLUMN id ADD GENERATED BY DEFAULT AS IDENTITY (
    SEQUENCE NAME public.auth_user_user_permissions_id_seq
    START WITH 1
    INCREMENT BY 1
    NO MINVALUE
    NO MAXVALUE
    CACHE 1
);


--
-- Name: django_admin_log; Type: TABLE; Schema: public; Owner: django_admin
--

CREATE TABLE public.django_admin_log (
    id integer NOT NULL,
    action_time timestamp with time zone NOT NULL,
    object_id text,
    object_repr character varying(200) NOT NULL,
    action_flag smallint NOT NULL,
    change_message text NOT NULL,
    content_type_id integer,
    user_id integer NOT NULL,
    CONSTRAINT django_admin_log_action_flag_check CHECK ((action_flag >= 0))
);


ALTER TABLE public.django_admin_log OWNER TO django_admin;

--
-- Name: django_admin_log_id_seq; Type: SEQUENCE; Schema: public; Owner: django_admin
--

ALTER TABLE public.django_admin_log ALTER COLUMN id ADD GENERATED BY DEFAULT AS IDENTITY (
    SEQUENCE NAME public.django_admin_log_id_seq
    START WITH 1
    INCREMENT BY 1
    NO MINVALUE
    NO MAXVALUE
    CACHE 1
);


--
-- Name: django_content_type; Type: TABLE; Schema: public; Owner: django_admin
--

CREATE TABLE public.django_content_type (
    id integer NOT NULL,
    app_label character varying(100) NOT NULL,
    model character varying(100) NOT NULL
);


ALTER TABLE public.django_content_type OWNER TO django_admin;

--
-- Name: django_content_type_id_seq; Type: SEQUENCE; Schema: public; Owner: django_admin
--

ALTER TABLE public.django_content_type ALTER COLUMN id ADD GENERATED BY DEFAULT AS IDENTITY (
    SEQUENCE NAME public.django_content_type_id_seq
    START WITH 1
    INCREMENT BY 1
    NO MINVALUE
    NO MAXVALUE
    CACHE 1
);


--
-- Name: django_migrations; Type: TABLE; Schema: public; Owner: django_admin
--

CREATE TABLE public.django_migrations (
    id bigint NOT NULL,
    app character varying(255) NOT NULL,
    name character varying(255) NOT NULL,
    applied timestamp with time zone NOT NULL
);


ALTER TABLE public.django_migrations OWNER TO django_admin;

--
-- Name: django_migrations_id_seq; Type: SEQUENCE; Schema: public; Owner: django_admin
--

ALTER TABLE public.django_migrations ALTER COLUMN id ADD GENERATED BY DEFAULT AS IDENTITY (
    SEQUENCE NAME public.django_migrations_id_seq
    START WITH 1
    INCREMENT BY 1
    NO MINVALUE
    NO MAXVALUE
    CACHE 1
);


--
-- Name: django_session; Type: TABLE; Schema: public; Owner: django_admin
--

CREATE TABLE public.django_session (
    session_key character varying(40) NOT NULL,
    session_data text NOT NULL,
    expire_date timestamp with time zone NOT NULL
);


ALTER TABLE public.django_session OWNER TO django_admin;

--
-- Data for Name: LearnGrow_academic_record; Type: TABLE DATA; Schema: public; Owner: django_admin
--

COPY public."LearnGrow_academic_record" (id, remark, solving, date_of_delivery, assessment_id, status_id, student_id, task_id) FROM stdin;
\.


--
-- Data for Name: LearnGrow_assessments; Type: TABLE DATA; Schema: public; Owner: django_admin
--

COPY public."LearnGrow_assessments" (id, assessment) FROM stdin;
1	0
2	1
3	2
4	3
5	4
6	5
\.


--
-- Data for Name: LearnGrow_classes; Type: TABLE DATA; Schema: public; Owner: django_admin
--

COPY public."LearnGrow_classes" (id, title) FROM stdin;
1	5А
2	6А
3	6Б
4	7Г
5	10А
6	10Б
7	11
\.


--
-- Data for Name: LearnGrow_courses; Type: TABLE DATA; Schema: public; Owner: django_admin
--

COPY public."LearnGrow_courses" (id, title, description, image, subject_id, teacher_id) FROM stdin;
2	Производные	Познай мир производных! Этот курс погрузит тебя в алгебру производных, научив находить производные различных функций, включая степенные, логарифмические, экспоненциальные и тригонометрические функции. Улучши свои алгебраические навыки и заложи фундамент для углубленного изучения математики!	\N	2	2
4	Пунктуация	Мастер-класс по пунктуации для школьников! Овладейте тайнами русского языка, научившись правильно расставлять знаки препинания. Избавьтесь от путаницы и пишите с уверенностью в каждом предложении!	\N	6	5
1	Программирование на Python	Увлекательный курс для юных программистов! Изучи основы Python, научись писать интересные программы и создавать свои игры. Развивай логическое мышление и творчество в мире программирования!	'photos/2024/11/20/python.jpg'	4	2
3	Механика	Погрузитесь в увлекательный мир механики, раздела физики, который изучает движение и силы. Этот курс для школьников раскрывает фундаментальные принципы механики, расширяя ваши знания о движении, силе и взаимодействиях между объектами.	'photos/2024/11/20/mechanics.jpg'	5	3
5	Основы веб-дизайна	Этот курс познакомит тебя с основами веб-дизайна. Ты научишься: создавать привлекательные и функциональные макеты веб-сайтов, понимать принципы эффективного пользовательского интерфейса	'photos/2024/11/20/web-design.jpg'	17	4
6	Финансовая грамотность	Финансовая грамотность — это жизненно важный навык, позволяющий принимать обоснованные финансовые решения и управлять своими деньгами эффективно.	photos/2025/01/12/15jrzmmqlx40lnfxic73uh169bi7moyr.jpeg	17	6
\.


--
-- Data for Name: LearnGrow_images_for_tasks; Type: TABLE DATA; Schema: public; Owner: django_admin
--

COPY public."LearnGrow_images_for_tasks" (id, image, task_id) FROM stdin;
1	'photos/2024/11/20/python-lesson5-task3_1.jpg	8
\.


--
-- Data for Name: LearnGrow_lessons; Type: TABLE DATA; Schema: public; Owner: django_admin
--

COPY public."LearnGrow_lessons" (id, title, description, video, course_id) FROM stdin;
6	Введение в объектно-ориентированное программирование	Основные концепции объектно-ориентированного программирования (OOP) в Python.	\N	1
1	Введение в Python	Обзор языка Python, его особенностей и применения.	'videos/2024/11/20/python-lesson1.mp4'	1
2	Переменные и типы данных	Введение в переменные, типы данных и операторы.	'videos/2024/11/20/python-lesson2.mp4'	1
3	Условные операторы и циклы	Изучение условных операторов (if-else) и циклов (for, while).	'videos/2024/11/20/python-lesson3.mp4'	1
4	Функции	Создание и вызов функций, передача аргументов.	'videos/2024/11/20/python-lesson4.mp4'	1
5	Списки и кортежи	Работа со списками и кортежами, операции с ними.	'videos/2024/11/20/python-lesson5.mp4'	1
\.


--
-- Data for Name: LearnGrow_materials; Type: TABLE DATA; Schema: public; Owner: django_admin
--

COPY public."LearnGrow_materials" (id, material, lesson_id) FROM stdin;
1	'fiels/2024/11/20/python-types.pdf'	2
2	'fiels/2024/11/20/python-listOperations.doc'	5
\.


--
-- Data for Name: LearnGrow_statuses; Type: TABLE DATA; Schema: public; Owner: django_admin
--

COPY public."LearnGrow_statuses" (id, title) FROM stdin;
1	Без решения
2	Проверка
3	Оценено
4	Просрочено
\.


--
-- Data for Name: LearnGrow_students; Type: TABLE DATA; Schema: public; Owner: django_admin
--

COPY public."LearnGrow_students" (id, lastname, name, email, login, password, time_registration, class_id_id, user_id) FROM stdin;
1	Копёнкина	Екатерина	kopenkina_ekaterina@bk.ru	KopenkinaEA	12345678	2024-11-20 17:43:20+03	7	1
33	Ипатова	Дарья	ipatova@bk.ru	IpatovaDM123	12345678	2025-02-10 16:23:48.524999+03	2	45
34	Кадыкова	Виктория	kadikova@gmail.com	KadikovaVV	12345678	2025-02-11 16:51:20.982674+03	4	46
35	Алёна	Брюханова	bruhanova@bk.ru	BruhanovaA	123456789	2025-02-11 16:56:24.875449+03	4	47
36	Семенова	Екатерина	semenova@gmail.com	SemenovaEV	12345678	2025-02-11 16:58:44.498279+03	5	48
32	Низова123	Анастасия	test@gmail.com	NizovaAA	12345678	2025-01-30 13:07:39.228551+03	2	36
37	Костина	Екатерина	Kadikova@gmail.com	NizovaAS123	12345678	2025-02-12 16:39:36.317505+03	5	49
\.


--
-- Data for Name: LearnGrow_subjects; Type: TABLE DATA; Schema: public; Owner: django_admin
--

COPY public."LearnGrow_subjects" (id, title) FROM stdin;
1	Математика
2	Алгебра
3	Геометрия
4	Информатика
5	Физика
6	Русский язык
7	Английский язык
8	Французский язык
9	Литература
10	Биология
11	Химия
12	ОБЖ
13	Музыка
14	ИЗО
15	История
16	Обществознание
17	Нет предмета
\.


--
-- Data for Name: LearnGrow_tasks; Type: TABLE DATA; Schema: public; Owner: django_admin
--

COPY public."LearnGrow_tasks" (id, title, description, deadline, lesson_id) FROM stdin;
1	Задание 1	Вывести на экран сообщение "Hello World!" в программе Python.	2024-12-25 23:59:59+03	1
2	Задание 1	Написать программу для расчета площади прямоугольника.	2024-12-27 23:59:59+03	2
3	Задание 2	Использовать функцию `print()` для вывода форматированного текста.	2024-12-28 23:59:59+03	2
4	Задание 1	Использовать условный оператор для определения четности числа.	2025-01-17 23:59:59+03	3
5	Задание 1	Написать функцию для подсчета количества гласных в строке.	2025-01-19 23:59:59+03	4
6	Задание 1	Создать список и вывести его элементы на экран.	2025-01-24 23:59:59+03	5
7	Задание 2	Написать программу для сортировки списка чисел.	2025-01-26 23:59:59+03	5
9	Задание 4	Создать кортеж и распаковать его значения в отдельные переменные.	2025-02-17 23:59:59+03	5
10	Задание 1	Создать класс с атрибутом и методом.	2025-02-28 23:59:59+03	6
8	Задание 3	Использовать цикл for для перебора элементов словаря. См. прикрепленное изображение	2025-01-30 23:59:59+03	5
\.


--
-- Data for Name: LearnGrow_teachers; Type: TABLE DATA; Schema: public; Owner: django_admin
--

COPY public."LearnGrow_teachers" (id, lastname, name, patronymic, email, photo, login, password, time_registration) FROM stdin;
3	Курицына	Галина	Сергеевна	kuritchina@gmail.com	\N	KuritchinaGS	12345678	2024-11-20 17:37:10+03
4	Щегорцева	Елена	Борисовна	shyogortcheva@gmail.com	\N	ShyogorchevaEB	12345678	2024-11-20 17:37:20+03
6	Огурцова	Галина	Сергеевна	ogurtchova@gmail.com	\N	OgurtchovaGS	12345678	2024-11-20 17:38:20+03
2	Шарамова	Наталья	Борисовна	sharamova@gmail.com	'photos/2024/11/20/sharamova.jpg'	SharamovaNB	12345678	2024-11-20 17:37:00+03
5	Голунова	Татьяна	Борисовна	golunova@gmail.com	'photos/2024/11/20/golunova.jpg'	GolunovaTB	12345678	2024-11-20 17:37:40+03
\.


--
-- Data for Name: auth_group; Type: TABLE DATA; Schema: public; Owner: django_admin
--

COPY public.auth_group (id, name) FROM stdin;
\.


--
-- Data for Name: auth_group_permissions; Type: TABLE DATA; Schema: public; Owner: django_admin
--

COPY public.auth_group_permissions (id, group_id, permission_id) FROM stdin;
\.


--
-- Data for Name: auth_permission; Type: TABLE DATA; Schema: public; Owner: django_admin
--

COPY public.auth_permission (id, name, content_type_id, codename) FROM stdin;
1	Can add log entry	1	add_logentry
2	Can change log entry	1	change_logentry
3	Can delete log entry	1	delete_logentry
4	Can view log entry	1	view_logentry
5	Can add permission	2	add_permission
6	Can change permission	2	change_permission
7	Can delete permission	2	delete_permission
8	Can view permission	2	view_permission
9	Can add group	3	add_group
10	Can change group	3	change_group
11	Can delete group	3	delete_group
12	Can view group	3	view_group
13	Can add user	4	add_user
14	Can change user	4	change_user
15	Can delete user	4	delete_user
16	Can view user	4	view_user
17	Can add content type	5	add_contenttype
18	Can change content type	5	change_contenttype
19	Can delete content type	5	delete_contenttype
20	Can view content type	5	view_contenttype
21	Can add session	6	add_session
22	Can change session	6	change_session
23	Can delete session	6	delete_session
24	Can view session	6	view_session
25	Can add assessments	7	add_assessments
26	Can change assessments	7	change_assessments
27	Can delete assessments	7	delete_assessments
28	Can view assessments	7	view_assessments
29	Can add classes	8	add_classes
30	Can change classes	8	change_classes
31	Can delete classes	8	delete_classes
32	Can view classes	8	view_classes
33	Can add courses	9	add_courses
34	Can change courses	9	change_courses
35	Can delete courses	9	delete_courses
36	Can view courses	9	view_courses
37	Can add statuses	10	add_statuses
38	Can change statuses	10	change_statuses
39	Can delete statuses	10	delete_statuses
40	Can view statuses	10	view_statuses
41	Can add subjects	11	add_subjects
42	Can change subjects	11	change_subjects
43	Can delete subjects	11	delete_subjects
44	Can view subjects	11	view_subjects
45	Can add teachers	12	add_teachers
46	Can change teachers	12	change_teachers
47	Can delete teachers	12	delete_teachers
48	Can view teachers	12	view_teachers
49	Can add lessons	13	add_lessons
50	Can change lessons	13	change_lessons
51	Can delete lessons	13	delete_lessons
52	Can view lessons	13	view_lessons
53	Can add materials	14	add_materials
54	Can change materials	14	change_materials
55	Can delete materials	14	delete_materials
56	Can view materials	14	view_materials
57	Can add students	15	add_students
58	Can change students	15	change_students
59	Can delete students	15	delete_students
60	Can view students	15	view_students
61	Can add tasks	16	add_tasks
62	Can change tasks	16	change_tasks
63	Can delete tasks	16	delete_tasks
64	Can view tasks	16	view_tasks
65	Can add images_for_tasks	17	add_images_for_tasks
66	Can change images_for_tasks	17	change_images_for_tasks
67	Can delete images_for_tasks	17	delete_images_for_tasks
68	Can view images_for_tasks	17	view_images_for_tasks
69	Can add academic_record	18	add_academic_record
70	Can change academic_record	18	change_academic_record
71	Can delete academic_record	18	delete_academic_record
72	Can view academic_record	18	view_academic_record
\.


--
-- Data for Name: auth_user; Type: TABLE DATA; Schema: public; Owner: django_admin
--

COPY public.auth_user (id, password, last_login, is_superuser, username, first_name, last_name, email, is_staff, is_active, date_joined) FROM stdin;
1	pbkdf2_sha256$870000$GkZsnsdEzmJRxFbY0CsRgl$RmIrvrBKx9cAAVeRrXUTgrZFWc9yu2Ub3kATWcLjhzQ=	2025-01-27 15:40:53.981105+03	t	root			kopenkina_ekaterina@bk.ru	t	t	2024-11-22 11:59:08.403296+03
45	pbkdf2_sha256$870000$44OaiMhiO7ic2Tju0FjoBp$7maGSzV0dPX7P98GuaoIytS3jdTmnjCkgDzC4yaDGPw=	\N	f	IpatovaDM123			ipatova@bk.ru	f	t	2025-02-10 16:23:47.987542+03
46	pbkdf2_sha256$870000$GCOIhpOVwiF1mAgGNDVamu$I5bqU4fYA7nJI9D1atLS20x1050jmln3TUjKqg5VEtU=	\N	f	KadikovaVV			kadikova@gmail.com	f	t	2025-02-11 16:51:20.514593+03
47	pbkdf2_sha256$870000$6PfV7FViGeFWlgNutFho4K$4hgpdUUmM0b58oPYsSlJZ4i8Y3dvV4Q/fKmkrdA3ILk=	\N	f	BruhanovaA			bruhanova@bk.ru	f	t	2025-02-11 16:56:24.371879+03
48	pbkdf2_sha256$870000$vdJGSE4G3TObWC1aGPsMQF$VYfaPobSemIckm2BDb4MdmZjkGDnLzjgiz+Sknzy/ug=	\N	f	SemenovaEV			semenova@gmail.com	f	t	2025-02-11 16:58:44.016726+03
36	pbkdf2_sha256$870000$wvcJPTdmwhoGFIUZb0Q2jO$Vfs+rF9lPYCgSdyDdZ6+oNqV5bMgSmigOlWXiaKbqbY=	\N	f	NizovaAA			test@gmail.com	f	t	2025-01-30 13:07:38.725726+03
49	pbkdf2_sha256$870000$RtceTbiwmkFXC7XwC1izV7$nnvbA7XwtvbN9LGeB00J5HYJG/hJUrzLI5i4OpcLA4o=	\N	f	NizovaAS123			Kadikova@gmail.com	f	t	2025-02-12 16:39:35.854807+03
\.


--
-- Data for Name: auth_user_groups; Type: TABLE DATA; Schema: public; Owner: django_admin
--

COPY public.auth_user_groups (id, user_id, group_id) FROM stdin;
\.


--
-- Data for Name: auth_user_user_permissions; Type: TABLE DATA; Schema: public; Owner: django_admin
--

COPY public.auth_user_user_permissions (id, user_id, permission_id) FROM stdin;
\.


--
-- Data for Name: django_admin_log; Type: TABLE DATA; Schema: public; Owner: django_admin
--

COPY public.django_admin_log (id, action_time, object_id, object_repr, action_flag, change_message, content_type_id, user_id) FROM stdin;
1	2025-01-12 19:37:28.522667+03	6	Финансовая грамотность	1	[{"added": {}}]	9	1
2	2025-01-28 19:44:37.743418+03	7	BorisovaDM	3		4	1
3	2025-01-28 19:44:37.743418+03	3	BruhanovaA	3		4	1
4	2025-01-28 19:44:37.743418+03	5	KadikovaVV	3		4	1
5	2025-01-28 19:44:37.743418+03	4	solo	3		4	1
6	2025-01-28 19:44:37.743418+03	6	SuraevaAV	3		4	1
7	2025-01-28 19:44:37.743418+03	2	test	3		4	1
8	2025-01-28 19:44:37.743418+03	8	YastrebovaA	3		4	1
9	2025-01-28 19:46:32.099899+03	10	Academic_record object (10)	3		18	1
10	2025-01-28 19:46:32.099899+03	9	Academic_record object (9)	3		18	1
11	2025-01-28 19:46:32.099899+03	8	Academic_record object (8)	3		18	1
12	2025-01-28 19:46:46.55146+03	13	Ястребова	3		15	1
13	2025-01-28 19:46:46.55146+03	12	Ястребова	3		15	1
14	2025-01-28 19:46:46.55146+03	11	Борисова	3		15	1
15	2025-01-28 19:46:46.55146+03	10	Борисова	3		15	1
16	2025-01-28 19:46:46.55146+03	9	Сураева	3		15	1
17	2025-01-28 19:46:46.55146+03	8	Кадыкова	3		15	1
18	2025-01-28 19:46:46.55146+03	7	Соловьёва	3		15	1
19	2025-01-28 19:46:46.55146+03	6	Алёна	3		15	1
20	2025-01-28 19:46:46.55146+03	5	Тестов	3		15	1
21	2025-01-28 19:46:46.55146+03	4	Костина	3		15	1
22	2025-01-28 19:46:46.55146+03	3	Зайцев	3		15	1
23	2025-01-28 19:46:46.55146+03	2	Голубева	3		15	1
24	2025-01-29 19:44:50.061045+03	9	GolubevaDM	3		4	1
25	2025-01-29 19:44:50.061045+03	10	KostinaKM	3		4	1
26	2025-01-29 19:44:59.240988+03	15	Костина	3		15	1
27	2025-01-29 19:44:59.240988+03	14	Голубева	3		15	1
28	2025-01-29 20:32:00.650677+03	11	NizovaAM	3		4	1
29	2025-01-29 20:35:31.200595+03	12	NizovaAM	3		4	1
30	2025-01-29 20:41:34.607846+03	13	NizovaAM	3		4	1
31	2025-01-30 12:39:19.165509+03	14	NizovaAM	3		4	1
32	2025-01-30 12:42:53.475379+03	15	NizovaAM	3		4	1
33	2025-01-30 12:44:58.032449+03	16	NizovaAM	3		4	1
34	2025-01-30 12:46:16.738233+03	17	NizovaAM	3		4	1
35	2025-01-30 12:46:47.794766+03	18	NizovaAM	3		4	1
36	2025-01-30 12:47:33.8488+03	19	NizovaAM	3		4	1
37	2025-01-30 12:48:08.36701+03	20	NizovaAM	3		4	1
38	2025-01-30 12:48:26.92635+03	21	NizovaAM	3		4	1
39	2025-01-30 12:49:13.964951+03	22	NizovaAM	3		4	1
40	2025-01-30 12:49:45.741126+03	23	NizovaAM	3		4	1
41	2025-01-30 12:50:50.352807+03	24	NizovaAM	3		4	1
42	2025-01-30 12:53:14.344114+03	26	NizovaAM	3		4	1
43	2025-01-30 12:53:51.152441+03	27	NizovaAM	3		4	1
44	2025-01-30 12:54:49.423551+03	28	NizovaAM	3		4	1
45	2025-01-30 12:56:37.968359+03	29	NizovaAM	3		4	1
\.


--
-- Data for Name: django_content_type; Type: TABLE DATA; Schema: public; Owner: django_admin
--

COPY public.django_content_type (id, app_label, model) FROM stdin;
1	admin	logentry
2	auth	permission
3	auth	group
4	auth	user
5	contenttypes	contenttype
6	sessions	session
7	LearnGrow	assessments
8	LearnGrow	classes
9	LearnGrow	courses
10	LearnGrow	statuses
11	LearnGrow	subjects
12	LearnGrow	teachers
13	LearnGrow	lessons
14	LearnGrow	materials
15	LearnGrow	students
16	LearnGrow	tasks
17	LearnGrow	images_for_tasks
18	LearnGrow	academic_record
\.


--
-- Data for Name: django_migrations; Type: TABLE DATA; Schema: public; Owner: django_admin
--

COPY public.django_migrations (id, app, name, applied) FROM stdin;
1	LearnGrow	0001_initial	2024-11-19 21:36:18.498613+03
2	contenttypes	0001_initial	2024-11-19 21:36:18.511477+03
3	auth	0001_initial	2024-11-19 21:36:18.578632+03
4	admin	0001_initial	2024-11-19 21:36:18.598481+03
5	admin	0002_logentry_remove_auto_add	2024-11-19 21:36:18.603249+03
6	admin	0003_logentry_add_action_flag_choices	2024-11-19 21:36:18.61087+03
7	contenttypes	0002_remove_content_type_name	2024-11-19 21:36:18.628563+03
8	auth	0002_alter_permission_name_max_length	2024-11-19 21:36:18.63478+03
9	auth	0003_alter_user_email_max_length	2024-11-19 21:36:18.642989+03
10	auth	0004_alter_user_username_opts	2024-11-19 21:36:18.6485+03
11	auth	0005_alter_user_last_login_null	2024-11-19 21:36:18.651802+03
12	auth	0006_require_contenttypes_0002	2024-11-19 21:36:18.651802+03
13	auth	0007_alter_validators_add_error_messages	2024-11-19 21:36:18.659955+03
14	auth	0008_alter_user_username_max_length	2024-11-19 21:36:18.677002+03
15	auth	0009_alter_user_last_name_max_length	2024-11-19 21:36:18.685482+03
16	auth	0010_alter_group_name_max_length	2024-11-19 21:36:18.68849+03
17	auth	0011_update_proxy_permissions	2024-11-19 21:36:18.702387+03
18	auth	0012_alter_user_first_name_max_length	2024-11-19 21:36:18.708553+03
19	sessions	0001_initial	2024-11-19 21:36:18.718489+03
20	LearnGrow	0002_alter_academic_record_assessment_id_and_more	2024-11-20 17:10:02.542636+03
21	LearnGrow	0003_alter_academic_record_date_of_delivery_and_more	2024-11-20 20:01:47.450502+03
22	LearnGrow	0004_alter_academic_record_assessment_id	2024-11-22 11:54:45.080754+03
23	LearnGrow	0005_students_user_id	2025-01-29 19:46:35.396686+03
24	LearnGrow	0006_rename_user_id_students_user	2025-01-29 19:53:01.366643+03
25	LearnGrow	0007_rename_assessment_id_academic_record_assessment_and_more	2025-01-29 19:55:05.272707+03
\.


--
-- Data for Name: django_session; Type: TABLE DATA; Schema: public; Owner: django_admin
--

COPY public.django_session (session_key, session_data, expire_date) FROM stdin;
81tvgq0lw8m3h0562pfsqiji55odx5s1	.eJxVjMsOwiAQRf-FtSFAebp07zeQYRikaiAp7cr479qkC93ec859sQjbWuM2aIlzZmcm2el3S4APajvId2i3zrG3dZkT3xV-0MGvPdPzcrh_BxVG_dYTSpHJlqC8JKGNNaS1UySd82iNSaitAD2lJMDroiQEq5xXJUjwKAJ7fwDBmzbk:1tEPWf:HU4mm7rLIvxlqRRax64d_deYfdulK4re-qMu6XnQVSc	2024-12-06 12:00:29.962474+03
08wvs5niarh5ix6150w74ckfqv3u8k8y	.eJxVjMsOwiAQRf-FtSFAebp07zeQYRikaiAp7cr479qkC93ec859sQjbWuM2aIlzZmcm2el3S4APajvId2i3zrG3dZkT3xV-0MGvPdPzcrh_BxVG_dYTSpHJlqC8JKGNNaS1UySd82iNSaitAD2lJMDroiQEq5xXJUjwKAJ7fwDBmzbk:1tX0ut:oOK7BnbYahwfy1ZPBQkf98EUoxabf4mHrbIkt3P5oR0	2025-01-26 19:34:23.078099+03
0821zqc5tw7jdlzg7ip9960ok96g6zrb	.eJxVjMsOwiAQRf-FtSFAebp07zeQYRikaiAp7cr479qkC93ec859sQjbWuM2aIlzZmcm2el3S4APajvId2i3zrG3dZkT3xV-0MGvPdPzcrh_BxVG_dYTSpHJlqC8JKGNNaS1UySd82iNSaitAD2lJMDroiQEq5xXJUjwKAJ7fwDBmzbk:1tcOQ9:ZkRyCRO5QGbq_ufX8eUYmF9cwBDHMB_Ftfub-ukn8tI	2025-02-10 15:40:53.997125+03
\.


--
-- Name: LearnGrow_academic_record_id_seq; Type: SEQUENCE SET; Schema: public; Owner: django_admin
--

SELECT pg_catalog.setval('public."LearnGrow_academic_record_id_seq"', 10, true);


--
-- Name: LearnGrow_assessments_id_seq; Type: SEQUENCE SET; Schema: public; Owner: django_admin
--

SELECT pg_catalog.setval('public."LearnGrow_assessments_id_seq"', 6, true);


--
-- Name: LearnGrow_classes_id_seq; Type: SEQUENCE SET; Schema: public; Owner: django_admin
--

SELECT pg_catalog.setval('public."LearnGrow_classes_id_seq"', 7, true);


--
-- Name: LearnGrow_courses_id_seq; Type: SEQUENCE SET; Schema: public; Owner: django_admin
--

SELECT pg_catalog.setval('public."LearnGrow_courses_id_seq"', 6, true);


--
-- Name: LearnGrow_images_for_tasks_id_seq; Type: SEQUENCE SET; Schema: public; Owner: django_admin
--

SELECT pg_catalog.setval('public."LearnGrow_images_for_tasks_id_seq"', 1, true);


--
-- Name: LearnGrow_lessons_id_seq; Type: SEQUENCE SET; Schema: public; Owner: django_admin
--

SELECT pg_catalog.setval('public."LearnGrow_lessons_id_seq"', 6, true);


--
-- Name: LearnGrow_materials_id_seq; Type: SEQUENCE SET; Schema: public; Owner: django_admin
--

SELECT pg_catalog.setval('public."LearnGrow_materials_id_seq"', 2, true);


--
-- Name: LearnGrow_statuses_id_seq; Type: SEQUENCE SET; Schema: public; Owner: django_admin
--

SELECT pg_catalog.setval('public."LearnGrow_statuses_id_seq"', 4, true);


--
-- Name: LearnGrow_students_id_seq; Type: SEQUENCE SET; Schema: public; Owner: django_admin
--

SELECT pg_catalog.setval('public."LearnGrow_students_id_seq"', 37, true);


--
-- Name: LearnGrow_subjects_id_seq; Type: SEQUENCE SET; Schema: public; Owner: django_admin
--

SELECT pg_catalog.setval('public."LearnGrow_subjects_id_seq"', 17, true);


--
-- Name: LearnGrow_tasks_id_seq; Type: SEQUENCE SET; Schema: public; Owner: django_admin
--

SELECT pg_catalog.setval('public."LearnGrow_tasks_id_seq"', 10, true);


--
-- Name: LearnGrow_teachers_id_seq; Type: SEQUENCE SET; Schema: public; Owner: django_admin
--

SELECT pg_catalog.setval('public."LearnGrow_teachers_id_seq"', 6, true);


--
-- Name: auth_group_id_seq; Type: SEQUENCE SET; Schema: public; Owner: django_admin
--

SELECT pg_catalog.setval('public.auth_group_id_seq', 1, false);


--
-- Name: auth_group_permissions_id_seq; Type: SEQUENCE SET; Schema: public; Owner: django_admin
--

SELECT pg_catalog.setval('public.auth_group_permissions_id_seq', 1, false);


--
-- Name: auth_permission_id_seq; Type: SEQUENCE SET; Schema: public; Owner: django_admin
--

SELECT pg_catalog.setval('public.auth_permission_id_seq', 72, true);


--
-- Name: auth_user_groups_id_seq; Type: SEQUENCE SET; Schema: public; Owner: django_admin
--

SELECT pg_catalog.setval('public.auth_user_groups_id_seq', 1, false);


--
-- Name: auth_user_id_seq; Type: SEQUENCE SET; Schema: public; Owner: django_admin
--

SELECT pg_catalog.setval('public.auth_user_id_seq', 49, true);


--
-- Name: auth_user_user_permissions_id_seq; Type: SEQUENCE SET; Schema: public; Owner: django_admin
--

SELECT pg_catalog.setval('public.auth_user_user_permissions_id_seq', 1, false);


--
-- Name: django_admin_log_id_seq; Type: SEQUENCE SET; Schema: public; Owner: django_admin
--

SELECT pg_catalog.setval('public.django_admin_log_id_seq', 45, true);


--
-- Name: django_content_type_id_seq; Type: SEQUENCE SET; Schema: public; Owner: django_admin
--

SELECT pg_catalog.setval('public.django_content_type_id_seq', 18, true);


--
-- Name: django_migrations_id_seq; Type: SEQUENCE SET; Schema: public; Owner: django_admin
--

SELECT pg_catalog.setval('public.django_migrations_id_seq', 25, true);


--
-- Name: LearnGrow_academic_record LearnGrow_academic_record_pkey; Type: CONSTRAINT; Schema: public; Owner: django_admin
--

ALTER TABLE ONLY public."LearnGrow_academic_record"
    ADD CONSTRAINT "LearnGrow_academic_record_pkey" PRIMARY KEY (id);


--
-- Name: LearnGrow_assessments LearnGrow_assessments_pkey; Type: CONSTRAINT; Schema: public; Owner: django_admin
--

ALTER TABLE ONLY public."LearnGrow_assessments"
    ADD CONSTRAINT "LearnGrow_assessments_pkey" PRIMARY KEY (id);


--
-- Name: LearnGrow_classes LearnGrow_classes_pkey; Type: CONSTRAINT; Schema: public; Owner: django_admin
--

ALTER TABLE ONLY public."LearnGrow_classes"
    ADD CONSTRAINT "LearnGrow_classes_pkey" PRIMARY KEY (id);


--
-- Name: LearnGrow_courses LearnGrow_courses_pkey; Type: CONSTRAINT; Schema: public; Owner: django_admin
--

ALTER TABLE ONLY public."LearnGrow_courses"
    ADD CONSTRAINT "LearnGrow_courses_pkey" PRIMARY KEY (id);


--
-- Name: LearnGrow_images_for_tasks LearnGrow_images_for_tasks_pkey; Type: CONSTRAINT; Schema: public; Owner: django_admin
--

ALTER TABLE ONLY public."LearnGrow_images_for_tasks"
    ADD CONSTRAINT "LearnGrow_images_for_tasks_pkey" PRIMARY KEY (id);


--
-- Name: LearnGrow_lessons LearnGrow_lessons_pkey; Type: CONSTRAINT; Schema: public; Owner: django_admin
--

ALTER TABLE ONLY public."LearnGrow_lessons"
    ADD CONSTRAINT "LearnGrow_lessons_pkey" PRIMARY KEY (id);


--
-- Name: LearnGrow_materials LearnGrow_materials_pkey; Type: CONSTRAINT; Schema: public; Owner: django_admin
--

ALTER TABLE ONLY public."LearnGrow_materials"
    ADD CONSTRAINT "LearnGrow_materials_pkey" PRIMARY KEY (id);


--
-- Name: LearnGrow_statuses LearnGrow_statuses_pkey; Type: CONSTRAINT; Schema: public; Owner: django_admin
--

ALTER TABLE ONLY public."LearnGrow_statuses"
    ADD CONSTRAINT "LearnGrow_statuses_pkey" PRIMARY KEY (id);


--
-- Name: LearnGrow_students LearnGrow_students_pkey; Type: CONSTRAINT; Schema: public; Owner: django_admin
--

ALTER TABLE ONLY public."LearnGrow_students"
    ADD CONSTRAINT "LearnGrow_students_pkey" PRIMARY KEY (id);


--
-- Name: LearnGrow_subjects LearnGrow_subjects_pkey; Type: CONSTRAINT; Schema: public; Owner: django_admin
--

ALTER TABLE ONLY public."LearnGrow_subjects"
    ADD CONSTRAINT "LearnGrow_subjects_pkey" PRIMARY KEY (id);


--
-- Name: LearnGrow_tasks LearnGrow_tasks_pkey; Type: CONSTRAINT; Schema: public; Owner: django_admin
--

ALTER TABLE ONLY public."LearnGrow_tasks"
    ADD CONSTRAINT "LearnGrow_tasks_pkey" PRIMARY KEY (id);


--
-- Name: LearnGrow_teachers LearnGrow_teachers_pkey; Type: CONSTRAINT; Schema: public; Owner: django_admin
--

ALTER TABLE ONLY public."LearnGrow_teachers"
    ADD CONSTRAINT "LearnGrow_teachers_pkey" PRIMARY KEY (id);


--
-- Name: auth_group auth_group_name_key; Type: CONSTRAINT; Schema: public; Owner: django_admin
--

ALTER TABLE ONLY public.auth_group
    ADD CONSTRAINT auth_group_name_key UNIQUE (name);


--
-- Name: auth_group_permissions auth_group_permissions_group_id_permission_id_0cd325b0_uniq; Type: CONSTRAINT; Schema: public; Owner: django_admin
--

ALTER TABLE ONLY public.auth_group_permissions
    ADD CONSTRAINT auth_group_permissions_group_id_permission_id_0cd325b0_uniq UNIQUE (group_id, permission_id);


--
-- Name: auth_group_permissions auth_group_permissions_pkey; Type: CONSTRAINT; Schema: public; Owner: django_admin
--

ALTER TABLE ONLY public.auth_group_permissions
    ADD CONSTRAINT auth_group_permissions_pkey PRIMARY KEY (id);


--
-- Name: auth_group auth_group_pkey; Type: CONSTRAINT; Schema: public; Owner: django_admin
--

ALTER TABLE ONLY public.auth_group
    ADD CONSTRAINT auth_group_pkey PRIMARY KEY (id);


--
-- Name: auth_permission auth_permission_content_type_id_codename_01ab375a_uniq; Type: CONSTRAINT; Schema: public; Owner: django_admin
--

ALTER TABLE ONLY public.auth_permission
    ADD CONSTRAINT auth_permission_content_type_id_codename_01ab375a_uniq UNIQUE (content_type_id, codename);


--
-- Name: auth_permission auth_permission_pkey; Type: CONSTRAINT; Schema: public; Owner: django_admin
--

ALTER TABLE ONLY public.auth_permission
    ADD CONSTRAINT auth_permission_pkey PRIMARY KEY (id);


--
-- Name: auth_user_groups auth_user_groups_pkey; Type: CONSTRAINT; Schema: public; Owner: django_admin
--

ALTER TABLE ONLY public.auth_user_groups
    ADD CONSTRAINT auth_user_groups_pkey PRIMARY KEY (id);


--
-- Name: auth_user_groups auth_user_groups_user_id_group_id_94350c0c_uniq; Type: CONSTRAINT; Schema: public; Owner: django_admin
--

ALTER TABLE ONLY public.auth_user_groups
    ADD CONSTRAINT auth_user_groups_user_id_group_id_94350c0c_uniq UNIQUE (user_id, group_id);


--
-- Name: auth_user auth_user_pkey; Type: CONSTRAINT; Schema: public; Owner: django_admin
--

ALTER TABLE ONLY public.auth_user
    ADD CONSTRAINT auth_user_pkey PRIMARY KEY (id);


--
-- Name: auth_user_user_permissions auth_user_user_permissions_pkey; Type: CONSTRAINT; Schema: public; Owner: django_admin
--

ALTER TABLE ONLY public.auth_user_user_permissions
    ADD CONSTRAINT auth_user_user_permissions_pkey PRIMARY KEY (id);


--
-- Name: auth_user_user_permissions auth_user_user_permissions_user_id_permission_id_14a6b632_uniq; Type: CONSTRAINT; Schema: public; Owner: django_admin
--

ALTER TABLE ONLY public.auth_user_user_permissions
    ADD CONSTRAINT auth_user_user_permissions_user_id_permission_id_14a6b632_uniq UNIQUE (user_id, permission_id);


--
-- Name: auth_user auth_user_username_key; Type: CONSTRAINT; Schema: public; Owner: django_admin
--

ALTER TABLE ONLY public.auth_user
    ADD CONSTRAINT auth_user_username_key UNIQUE (username);


--
-- Name: django_admin_log django_admin_log_pkey; Type: CONSTRAINT; Schema: public; Owner: django_admin
--

ALTER TABLE ONLY public.django_admin_log
    ADD CONSTRAINT django_admin_log_pkey PRIMARY KEY (id);


--
-- Name: django_content_type django_content_type_app_label_model_76bd3d3b_uniq; Type: CONSTRAINT; Schema: public; Owner: django_admin
--

ALTER TABLE ONLY public.django_content_type
    ADD CONSTRAINT django_content_type_app_label_model_76bd3d3b_uniq UNIQUE (app_label, model);


--
-- Name: django_content_type django_content_type_pkey; Type: CONSTRAINT; Schema: public; Owner: django_admin
--

ALTER TABLE ONLY public.django_content_type
    ADD CONSTRAINT django_content_type_pkey PRIMARY KEY (id);


--
-- Name: django_migrations django_migrations_pkey; Type: CONSTRAINT; Schema: public; Owner: django_admin
--

ALTER TABLE ONLY public.django_migrations
    ADD CONSTRAINT django_migrations_pkey PRIMARY KEY (id);


--
-- Name: django_session django_session_pkey; Type: CONSTRAINT; Schema: public; Owner: django_admin
--

ALTER TABLE ONLY public.django_session
    ADD CONSTRAINT django_session_pkey PRIMARY KEY (session_key);


--
-- Name: LearnGrow_academic_record_assessment_id_id_37873f60; Type: INDEX; Schema: public; Owner: django_admin
--

CREATE INDEX "LearnGrow_academic_record_assessment_id_id_37873f60" ON public."LearnGrow_academic_record" USING btree (assessment_id);


--
-- Name: LearnGrow_academic_record_status_id_id_431af1dd; Type: INDEX; Schema: public; Owner: django_admin
--

CREATE INDEX "LearnGrow_academic_record_status_id_id_431af1dd" ON public."LearnGrow_academic_record" USING btree (status_id);


--
-- Name: LearnGrow_academic_record_student_id_id_8acee2bc; Type: INDEX; Schema: public; Owner: django_admin
--

CREATE INDEX "LearnGrow_academic_record_student_id_id_8acee2bc" ON public."LearnGrow_academic_record" USING btree (student_id);


--
-- Name: LearnGrow_academic_record_task_id_id_bd6b15ad; Type: INDEX; Schema: public; Owner: django_admin
--

CREATE INDEX "LearnGrow_academic_record_task_id_id_bd6b15ad" ON public."LearnGrow_academic_record" USING btree (task_id);


--
-- Name: LearnGrow_courses_subject_id_id_9659e57a; Type: INDEX; Schema: public; Owner: django_admin
--

CREATE INDEX "LearnGrow_courses_subject_id_id_9659e57a" ON public."LearnGrow_courses" USING btree (subject_id);


--
-- Name: LearnGrow_courses_teacher_id_id_32ea6487; Type: INDEX; Schema: public; Owner: django_admin
--

CREATE INDEX "LearnGrow_courses_teacher_id_id_32ea6487" ON public."LearnGrow_courses" USING btree (teacher_id);


--
-- Name: LearnGrow_images_for_tasks_task_id_id_190a8ffd; Type: INDEX; Schema: public; Owner: django_admin
--

CREATE INDEX "LearnGrow_images_for_tasks_task_id_id_190a8ffd" ON public."LearnGrow_images_for_tasks" USING btree (task_id);


--
-- Name: LearnGrow_lessons_course_id_id_9b324839; Type: INDEX; Schema: public; Owner: django_admin
--

CREATE INDEX "LearnGrow_lessons_course_id_id_9b324839" ON public."LearnGrow_lessons" USING btree (course_id);


--
-- Name: LearnGrow_materials_lesson_id_id_188d2acd; Type: INDEX; Schema: public; Owner: django_admin
--

CREATE INDEX "LearnGrow_materials_lesson_id_id_188d2acd" ON public."LearnGrow_materials" USING btree (lesson_id);


--
-- Name: LearnGrow_students_class_id_id_d8e913ea; Type: INDEX; Schema: public; Owner: django_admin
--

CREATE INDEX "LearnGrow_students_class_id_id_d8e913ea" ON public."LearnGrow_students" USING btree (class_id_id);


--
-- Name: LearnGrow_students_user_id_id_f9e301bb; Type: INDEX; Schema: public; Owner: django_admin
--

CREATE INDEX "LearnGrow_students_user_id_id_f9e301bb" ON public."LearnGrow_students" USING btree (user_id);


--
-- Name: LearnGrow_tasks_lesson_id_id_af9d7d4e; Type: INDEX; Schema: public; Owner: django_admin
--

CREATE INDEX "LearnGrow_tasks_lesson_id_id_af9d7d4e" ON public."LearnGrow_tasks" USING btree (lesson_id);


--
-- Name: auth_group_name_a6ea08ec_like; Type: INDEX; Schema: public; Owner: django_admin
--

CREATE INDEX auth_group_name_a6ea08ec_like ON public.auth_group USING btree (name varchar_pattern_ops);


--
-- Name: auth_group_permissions_group_id_b120cbf9; Type: INDEX; Schema: public; Owner: django_admin
--

CREATE INDEX auth_group_permissions_group_id_b120cbf9 ON public.auth_group_permissions USING btree (group_id);


--
-- Name: auth_group_permissions_permission_id_84c5c92e; Type: INDEX; Schema: public; Owner: django_admin
--

CREATE INDEX auth_group_permissions_permission_id_84c5c92e ON public.auth_group_permissions USING btree (permission_id);


--
-- Name: auth_permission_content_type_id_2f476e4b; Type: INDEX; Schema: public; Owner: django_admin
--

CREATE INDEX auth_permission_content_type_id_2f476e4b ON public.auth_permission USING btree (content_type_id);


--
-- Name: auth_user_groups_group_id_97559544; Type: INDEX; Schema: public; Owner: django_admin
--

CREATE INDEX auth_user_groups_group_id_97559544 ON public.auth_user_groups USING btree (group_id);


--
-- Name: auth_user_groups_user_id_6a12ed8b; Type: INDEX; Schema: public; Owner: django_admin
--

CREATE INDEX auth_user_groups_user_id_6a12ed8b ON public.auth_user_groups USING btree (user_id);


--
-- Name: auth_user_user_permissions_permission_id_1fbb5f2c; Type: INDEX; Schema: public; Owner: django_admin
--

CREATE INDEX auth_user_user_permissions_permission_id_1fbb5f2c ON public.auth_user_user_permissions USING btree (permission_id);


--
-- Name: auth_user_user_permissions_user_id_a95ead1b; Type: INDEX; Schema: public; Owner: django_admin
--

CREATE INDEX auth_user_user_permissions_user_id_a95ead1b ON public.auth_user_user_permissions USING btree (user_id);


--
-- Name: auth_user_username_6821ab7c_like; Type: INDEX; Schema: public; Owner: django_admin
--

CREATE INDEX auth_user_username_6821ab7c_like ON public.auth_user USING btree (username varchar_pattern_ops);


--
-- Name: django_admin_log_content_type_id_c4bce8eb; Type: INDEX; Schema: public; Owner: django_admin
--

CREATE INDEX django_admin_log_content_type_id_c4bce8eb ON public.django_admin_log USING btree (content_type_id);


--
-- Name: django_admin_log_user_id_c564eba6; Type: INDEX; Schema: public; Owner: django_admin
--

CREATE INDEX django_admin_log_user_id_c564eba6 ON public.django_admin_log USING btree (user_id);


--
-- Name: django_session_expire_date_a5c62663; Type: INDEX; Schema: public; Owner: django_admin
--

CREATE INDEX django_session_expire_date_a5c62663 ON public.django_session USING btree (expire_date);


--
-- Name: django_session_session_key_c0390e0f_like; Type: INDEX; Schema: public; Owner: django_admin
--

CREATE INDEX django_session_session_key_c0390e0f_like ON public.django_session USING btree (session_key varchar_pattern_ops);


--
-- Name: LearnGrow_academic_record LearnGrow_academic_r_assessment_id_62de36bd_fk_LearnGrow; Type: FK CONSTRAINT; Schema: public; Owner: django_admin
--

ALTER TABLE ONLY public."LearnGrow_academic_record"
    ADD CONSTRAINT "LearnGrow_academic_r_assessment_id_62de36bd_fk_LearnGrow" FOREIGN KEY (assessment_id) REFERENCES public."LearnGrow_assessments"(id) DEFERRABLE INITIALLY DEFERRED;


--
-- Name: LearnGrow_academic_record LearnGrow_academic_r_status_id_d753d94c_fk_LearnGrow; Type: FK CONSTRAINT; Schema: public; Owner: django_admin
--

ALTER TABLE ONLY public."LearnGrow_academic_record"
    ADD CONSTRAINT "LearnGrow_academic_r_status_id_d753d94c_fk_LearnGrow" FOREIGN KEY (status_id) REFERENCES public."LearnGrow_statuses"(id) DEFERRABLE INITIALLY DEFERRED;


--
-- Name: LearnGrow_academic_record LearnGrow_academic_r_student_id_de79919a_fk_LearnGrow; Type: FK CONSTRAINT; Schema: public; Owner: django_admin
--

ALTER TABLE ONLY public."LearnGrow_academic_record"
    ADD CONSTRAINT "LearnGrow_academic_r_student_id_de79919a_fk_LearnGrow" FOREIGN KEY (student_id) REFERENCES public."LearnGrow_students"(id) DEFERRABLE INITIALLY DEFERRED;


--
-- Name: LearnGrow_academic_record LearnGrow_academic_r_task_id_2d7ab849_fk_LearnGrow; Type: FK CONSTRAINT; Schema: public; Owner: django_admin
--

ALTER TABLE ONLY public."LearnGrow_academic_record"
    ADD CONSTRAINT "LearnGrow_academic_r_task_id_2d7ab849_fk_LearnGrow" FOREIGN KEY (task_id) REFERENCES public."LearnGrow_tasks"(id) DEFERRABLE INITIALLY DEFERRED;


--
-- Name: LearnGrow_courses LearnGrow_courses_subject_id_df306d63_fk_LearnGrow_subjects_id; Type: FK CONSTRAINT; Schema: public; Owner: django_admin
--

ALTER TABLE ONLY public."LearnGrow_courses"
    ADD CONSTRAINT "LearnGrow_courses_subject_id_df306d63_fk_LearnGrow_subjects_id" FOREIGN KEY (subject_id) REFERENCES public."LearnGrow_subjects"(id) DEFERRABLE INITIALLY DEFERRED;


--
-- Name: LearnGrow_courses LearnGrow_courses_teacher_id_fad74fad_fk_LearnGrow_teachers_id; Type: FK CONSTRAINT; Schema: public; Owner: django_admin
--

ALTER TABLE ONLY public."LearnGrow_courses"
    ADD CONSTRAINT "LearnGrow_courses_teacher_id_fad74fad_fk_LearnGrow_teachers_id" FOREIGN KEY (teacher_id) REFERENCES public."LearnGrow_teachers"(id) DEFERRABLE INITIALLY DEFERRED;


--
-- Name: LearnGrow_images_for_tasks LearnGrow_images_for_task_id_dec73754_fk_LearnGrow; Type: FK CONSTRAINT; Schema: public; Owner: django_admin
--

ALTER TABLE ONLY public."LearnGrow_images_for_tasks"
    ADD CONSTRAINT "LearnGrow_images_for_task_id_dec73754_fk_LearnGrow" FOREIGN KEY (task_id) REFERENCES public."LearnGrow_tasks"(id) DEFERRABLE INITIALLY DEFERRED;


--
-- Name: LearnGrow_lessons LearnGrow_lessons_course_id_181bfe50_fk_LearnGrow_courses_id; Type: FK CONSTRAINT; Schema: public; Owner: django_admin
--

ALTER TABLE ONLY public."LearnGrow_lessons"
    ADD CONSTRAINT "LearnGrow_lessons_course_id_181bfe50_fk_LearnGrow_courses_id" FOREIGN KEY (course_id) REFERENCES public."LearnGrow_courses"(id) DEFERRABLE INITIALLY DEFERRED;


--
-- Name: LearnGrow_materials LearnGrow_materials_lesson_id_a139212d_fk_LearnGrow_lessons_id; Type: FK CONSTRAINT; Schema: public; Owner: django_admin
--

ALTER TABLE ONLY public."LearnGrow_materials"
    ADD CONSTRAINT "LearnGrow_materials_lesson_id_a139212d_fk_LearnGrow_lessons_id" FOREIGN KEY (lesson_id) REFERENCES public."LearnGrow_lessons"(id) DEFERRABLE INITIALLY DEFERRED;


--
-- Name: LearnGrow_students LearnGrow_students_class_id_id_d8e913ea_fk_LearnGrow_classes_id; Type: FK CONSTRAINT; Schema: public; Owner: django_admin
--

ALTER TABLE ONLY public."LearnGrow_students"
    ADD CONSTRAINT "LearnGrow_students_class_id_id_d8e913ea_fk_LearnGrow_classes_id" FOREIGN KEY (class_id_id) REFERENCES public."LearnGrow_classes"(id) DEFERRABLE INITIALLY DEFERRED;


--
-- Name: LearnGrow_students LearnGrow_students_user_id_105ed00b_fk_auth_user_id; Type: FK CONSTRAINT; Schema: public; Owner: django_admin
--

ALTER TABLE ONLY public."LearnGrow_students"
    ADD CONSTRAINT "LearnGrow_students_user_id_105ed00b_fk_auth_user_id" FOREIGN KEY (user_id) REFERENCES public.auth_user(id) DEFERRABLE INITIALLY DEFERRED;


--
-- Name: LearnGrow_tasks LearnGrow_tasks_lesson_id_8bc16705_fk_LearnGrow_lessons_id; Type: FK CONSTRAINT; Schema: public; Owner: django_admin
--

ALTER TABLE ONLY public."LearnGrow_tasks"
    ADD CONSTRAINT "LearnGrow_tasks_lesson_id_8bc16705_fk_LearnGrow_lessons_id" FOREIGN KEY (lesson_id) REFERENCES public."LearnGrow_lessons"(id) DEFERRABLE INITIALLY DEFERRED;


--
-- Name: auth_group_permissions auth_group_permissio_permission_id_84c5c92e_fk_auth_perm; Type: FK CONSTRAINT; Schema: public; Owner: django_admin
--

ALTER TABLE ONLY public.auth_group_permissions
    ADD CONSTRAINT auth_group_permissio_permission_id_84c5c92e_fk_auth_perm FOREIGN KEY (permission_id) REFERENCES public.auth_permission(id) DEFERRABLE INITIALLY DEFERRED;


--
-- Name: auth_group_permissions auth_group_permissions_group_id_b120cbf9_fk_auth_group_id; Type: FK CONSTRAINT; Schema: public; Owner: django_admin
--

ALTER TABLE ONLY public.auth_group_permissions
    ADD CONSTRAINT auth_group_permissions_group_id_b120cbf9_fk_auth_group_id FOREIGN KEY (group_id) REFERENCES public.auth_group(id) DEFERRABLE INITIALLY DEFERRED;


--
-- Name: auth_permission auth_permission_content_type_id_2f476e4b_fk_django_co; Type: FK CONSTRAINT; Schema: public; Owner: django_admin
--

ALTER TABLE ONLY public.auth_permission
    ADD CONSTRAINT auth_permission_content_type_id_2f476e4b_fk_django_co FOREIGN KEY (content_type_id) REFERENCES public.django_content_type(id) DEFERRABLE INITIALLY DEFERRED;


--
-- Name: auth_user_groups auth_user_groups_group_id_97559544_fk_auth_group_id; Type: FK CONSTRAINT; Schema: public; Owner: django_admin
--

ALTER TABLE ONLY public.auth_user_groups
    ADD CONSTRAINT auth_user_groups_group_id_97559544_fk_auth_group_id FOREIGN KEY (group_id) REFERENCES public.auth_group(id) DEFERRABLE INITIALLY DEFERRED;


--
-- Name: auth_user_groups auth_user_groups_user_id_6a12ed8b_fk_auth_user_id; Type: FK CONSTRAINT; Schema: public; Owner: django_admin
--

ALTER TABLE ONLY public.auth_user_groups
    ADD CONSTRAINT auth_user_groups_user_id_6a12ed8b_fk_auth_user_id FOREIGN KEY (user_id) REFERENCES public.auth_user(id) DEFERRABLE INITIALLY DEFERRED;


--
-- Name: auth_user_user_permissions auth_user_user_permi_permission_id_1fbb5f2c_fk_auth_perm; Type: FK CONSTRAINT; Schema: public; Owner: django_admin
--

ALTER TABLE ONLY public.auth_user_user_permissions
    ADD CONSTRAINT auth_user_user_permi_permission_id_1fbb5f2c_fk_auth_perm FOREIGN KEY (permission_id) REFERENCES public.auth_permission(id) DEFERRABLE INITIALLY DEFERRED;


--
-- Name: auth_user_user_permissions auth_user_user_permissions_user_id_a95ead1b_fk_auth_user_id; Type: FK CONSTRAINT; Schema: public; Owner: django_admin
--

ALTER TABLE ONLY public.auth_user_user_permissions
    ADD CONSTRAINT auth_user_user_permissions_user_id_a95ead1b_fk_auth_user_id FOREIGN KEY (user_id) REFERENCES public.auth_user(id) DEFERRABLE INITIALLY DEFERRED;


--
-- Name: django_admin_log django_admin_log_content_type_id_c4bce8eb_fk_django_co; Type: FK CONSTRAINT; Schema: public; Owner: django_admin
--

ALTER TABLE ONLY public.django_admin_log
    ADD CONSTRAINT django_admin_log_content_type_id_c4bce8eb_fk_django_co FOREIGN KEY (content_type_id) REFERENCES public.django_content_type(id) DEFERRABLE INITIALLY DEFERRED;


--
-- Name: django_admin_log django_admin_log_user_id_c564eba6_fk_auth_user_id; Type: FK CONSTRAINT; Schema: public; Owner: django_admin
--

ALTER TABLE ONLY public.django_admin_log
    ADD CONSTRAINT django_admin_log_user_id_c564eba6_fk_auth_user_id FOREIGN KEY (user_id) REFERENCES public.auth_user(id) DEFERRABLE INITIALLY DEFERRED;


--
-- Name: SCHEMA public; Type: ACL; Schema: -; Owner: pg_database_owner
--

GRANT ALL ON SCHEMA public TO django_admin;


--
-- PostgreSQL database dump complete
--

